timestamp,cpu,memory,disk_io,net_io,errors
2025-09-14T05:24:17.410398,9.656247344301427,56.29015786306406,12.729951927368834,26.528217091824338,0
2025-09-14T05:25:17.410398,9.116816645086613,30.603732382242626,23.664397833268154,44.71634960605434,0
2025-09-14T05:26:17.410398,16.749603862799347,44.318754567084795,15.742708808400616,34.684648324363465,0
2025-09-14T05:27:17.410398,14.581766332699825,41.44462627696165,12.814292477177005,49.75883099587221,0
2025-09-14T05:28:17.410398,13.270206904971275,21.423635092617804,20.95300529791723,10.273952809933213,0
2025-09-14T05:29:17.410398,14.150046159580604,26.542496592950325,21.190486938596,39.815004389789586,0
2025-09-14T05:30:17.410398,18.447868622270903,46.55882901921282,27.32340293251113,10.102353984717327,0
2025-09-14T05:31:17.410398,31.001595237629115,43.065155063639125,14.30911523638468,22.762147821747497,0
2025-09-14T05:32:17.410398,28.421688047902613,44.03608186239582,19.538082047272244,30.388597889611898,0
2025-09-14T05:33:17.410398,12.970307611265712,21.13963583460952,25.815347542090347,31.72500849274735,0
2025-09-14T05:34:17.410398,11.905415065201936,22.702190436314975,7.547736268547995,49.99745194792326,0
2025-09-14T05:35:17.410398,9.573976846912323,33.17792641967915,21.99040242221761,15.021722349315887,0
2025-09-14T05:36:17.410398,19.697451401967776,40.22653843042622,18.9094992795528,23.927144392575286,1
2025-09-14T05:37:17.410398,24.288508897732584,44.37848911458201,14.387219420497651,45.497326993091846,0
2025-09-14T05:38:17.410398,16.64145530034383,24.3885589749824,26.198517002356468,18.573981900383124,0
2025-09-14T05:39:17.410398,6.543698729392873,23.35445916977879,8.88091288836204,22.16808971506318,1
2025-09-14T05:40:17.410398,15.752510198528451,21.04677252974254,23.4953821017691,48.51692577363478,0
2025-09-14T05:41:17.410398,7.3392409856599645,23.991178803111858,12.644570618459865,20.749246359373306,0
2025-09-14T05:42:17.410398,24.334277462316326,54.478907790241436,9.130714028908091,39.0279526684115,0
2025-09-14T05:43:17.410398,22.65045144358314,52.17221334023617,16.424234490654204,20.611251042635246,0
2025-09-14T05:44:17.410398,17.264478133083045,39.10375033701999,5.394653826070579,11.185743736885918,0
2025-09-14T05:45:17.410398,9.923167118413451,37.82365018892244,24.737202843148342,37.79268668167253,0
2025-09-14T05:46:17.410398,35.41264765927541,31.16680875831385,28.526049905904866,30.496174965214706,0
2025-09-14T05:47:17.410398,16.030009490599586,43.198152927335144,16.70984812100066,32.08238637922998,0
2025-09-14T05:48:17.410398,10.528401150746028,55.167745758594876,20.567236145277782,19.421223703866616,0
2025-09-14T05:49:17.410398,18.123174012403457,26.45176770827146,10.17702569013294,47.53848804413186,0
2025-09-14T05:50:17.410398,32.55783425629817,41.40888644077939,6.615544904403929,47.25334192225303,0
2025-09-14T05:51:17.410398,33.50838528602295,36.8778068082162,19.105705722681016,29.571304703061315,0
2025-09-14T05:52:17.410398,37.368090772246745,39.920374720039455,17.28642517527833,35.7766155159242,1
2025-09-14T05:53:17.410398,18.026842757596462,51.18320027599599,14.29170029395998,11.48903541757901,0
2025-09-14T05:54:17.410398,21.791856465176537,21.491283881278097,26.80292046339371,11.07683904456399,2
2025-09-14T05:55:17.410398,12.406406627254182,24.5250488642426,6.886532143256137,36.89655578005423,0
2025-09-14T05:56:17.410398,35.53563298091327,58.860258576125936,12.75075864951979,35.634018127941204,0
2025-09-14T05:57:17.410398,16.042704931854672,20.727965887821792,13.675243144723302,36.87626535185305,0
2025-09-14T05:58:17.410398,12.472082027950835,30.57025819471935,16.235444333127703,47.1460478087583,1
2025-09-14T05:59:17.410398,7.173527928728344,33.214756895493665,14.086267875199717,19.81017575975542,0
2025-09-14T06:00:17.410398,26.244787685150346,28.777178476218413,11.078575354942862,23.517942896719756,0
2025-09-14T06:01:17.410398,11.76704909213531,46.84988703579438,29.11987327032112,34.62719865842512,0
2025-09-14T06:02:17.410398,12.932327351578268,53.49680247344688,29.94411338052037,23.960161874170502,0
2025-09-14T06:03:17.410398,25.3753431565035,23.861246213308295,13.362972992225389,44.605842117659556,1
2025-09-14T06:04:17.410398,16.156916542116306,47.63190269195492,14.323531535907762,48.95621687171233,0
2025-09-14T06:05:17.410398,9.024322339138083,52.88394168171533,11.213286295476465,20.425155039152223,0
2025-09-14T06:06:17.410398,35.384201604637504,48.313344195535706,7.021402614284784,37.448018066795385,0
2025-09-14T06:07:17.410398,5.922256268572052,44.770853586593155,13.900198160509824,28.710446069160554,0
2025-09-14T06:08:17.410398,34.21247672641263,20.766162714377487,24.678632120065075,35.062508363175695,0
2025-09-14T06:09:17.410398,25.532956102952646,47.35993653392087,13.497359802483654,19.31699973524745,0
2025-09-14T06:10:17.410398,27.383412580735808,52.85639570222862,16.28608975673702,30.876569915511812,0
2025-09-14T06:11:17.410398,20.31007630444932,29.288042860319496,23.854256443609373,24.13005248654104,0
2025-09-14T06:12:17.410398,6.912575640123837,23.930138090597467,24.15801174310988,32.55488248075762,1
2025-09-14T06:13:17.410398,9.177291686928934,28.821399618253174,24.740740954000877,14.967858859840483,1
2025-09-14T06:14:17.410398,28.18151632291222,36.737414990975786,25.43639448095455,37.801718059882525,0
2025-09-14T06:15:17.410398,11.307641715985065,46.18142968874,22.125352552806902,26.999195343594383,0
2025-09-14T06:16:17.410398,15.157912652251717,21.22021328135558,6.796086990483234,47.97412408543287,0
2025-09-14T06:17:17.410398,6.964320953408026,46.205945376497944,14.120521115957894,16.049953526880362,0
2025-09-14T06:18:17.410398,11.587832091462065,52.20126881043701,17.814256276900906,31.71671905657199,1
2025-09-14T06:19:17.410398,9.740297377032856,50.63375743563971,25.42902096198063,35.06405666361954,0
2025-09-14T06:20:17.410398,23.185533086366235,57.76414811749672,8.893269774270046,27.682371992807226,0
2025-09-14T06:21:17.410398,14.474474234311847,21.63313312920306,14.448656667534532,12.565017621976606,0
2025-09-14T06:22:17.410398,5.348526680374196,46.02516175386174,26.328017356544517,22.892790078729824,0
2025-09-14T06:23:17.410398,28.52149337190199,52.5630672828882,9.419130520990707,43.40000649778786,0
2025-09-14T06:24:17.410398,19.111677976667217,43.24845487760474,16.050103182782095,31.696948383885978,0
2025-09-14T06:25:17.410398,23.713598624818097,57.08838601554335,23.072923881461893,37.46804231165031,0
2025-09-14T06:26:17.410398,39.05827947404106,20.901474933581177,19.73755090755986,29.406397142153956,0
2025-09-14T06:27:17.410398,27.168087236863695,56.73530451326411,29.945578320558514,45.0590856090067,0
2025-09-14T06:28:17.410398,19.932981983287405,33.36955562902513,26.317593347089307,21.823894513274883,0
2025-09-14T06:29:17.410398,13.129867685867048,43.972176257629314,13.873722877165507,15.17458648240499,0
2025-09-14T06:30:17.410398,9.833523811506119,42.7622769273793,21.482947405790444,40.23647464246591,0
2025-09-14T06:31:17.410398,28.535185905916645,22.689479308329837,25.252862511310177,26.92333584650846,0
2025-09-14T06:32:17.410398,25.50250801702852,22.585773145789403,18.167310050310387,15.27351748193714,0
2025-09-14T06:33:17.410398,33.74120435223,26.978575555666083,21.97323414021641,17.584819146345474,0
2025-09-14T06:34:17.410398,22.313127240763638,54.88702733616674,11.139427021347089,14.470937990707636,0
2025-09-14T06:35:17.410398,19.291903095681093,53.95767288342743,14.139252358848557,17.815028292016923,1
2025-09-14T06:36:17.410398,29.637697683935002,45.423214712557694,15.275680662818951,14.930266618875692,0
2025-09-14T06:37:17.410398,37.416356019271866,58.98696060117007,7.929565884320551,40.586199282892224,0
2025-09-14T06:38:17.410398,24.09337086142006,28.023922380515938,25.358402224156254,15.32896649418694,0
2025-09-14T06:39:17.410398,23.12569106096518,35.797996159712206,14.533171846062908,47.65620788708101,0
2025-09-14T06:40:17.410398,21.27659291604039,41.1015525144754,16.63636142546229,18.43163525501238,0
2025-09-14T06:41:17.410398,6.0513642222840325,45.6399713579311,13.05631759450919,13.825563758780222,0
2025-09-14T06:42:17.410398,24.45306329325615,49.33027606883019,18.78208278668729,46.891920255314034,0
2025-09-14T06:43:17.410398,38.82879619818379,26.930572286696144,17.575282447227394,46.06193285405083,0
2025-09-14T06:44:17.410398,17.87256798585882,23.544001286139938,25.402446610406958,38.63619003743146,0
2025-09-14T06:45:17.410398,24.178451033554968,24.794378128757334,29.900376523904306,34.30739544261048,0
2025-09-14T06:46:17.410398,22.874922753660314,59.95215893994842,15.55536626416154,20.76924456502143,0
2025-09-14T06:47:17.410398,30.05141247155949,53.000281963971084,15.202655142515034,13.018263953123324,0
2025-09-14T06:48:17.410398,10.728117960962713,54.652514848960784,19.77457709634312,18.35563546256017,0
2025-09-14T06:49:17.410398,31.864859540896152,23.684860640459604,22.709737654587766,27.69828342600706,0
2025-09-14T06:50:17.410398,7.987220301512902,43.91607400302139,5.145480552668978,13.12749842656498,0
2025-09-14T06:51:17.410398,18.868560420244297,44.51631013232772,29.8584821542272,20.96316910609537,0
2025-09-14T06:52:17.410398,16.781462968755715,34.96883557346726,11.356629335949057,12.508591366555795,1
2025-09-14T06:53:17.410398,28.86447607913137,43.40217330532073,23.408024998405335,45.716400208421064,0
2025-09-14T06:54:17.410398,59.899796222607606,54.05784112447412,21.995990552427205,49.31747588016326,0
2025-09-14T06:55:17.410398,54.07229500706412,42.64797842498628,17.018283335661028,48.13371671894949,4
2025-09-14T06:56:17.410398,79.9474488195316,58.50096393412838,12.214845812690406,16.001096646123916,2
2025-09-14T06:57:17.410398,69.85112449163057,80.14043670708818,9.776724245089095,16.27372570001818,1
2025-09-14T06:58:17.410398,62.4554869395164,70.43853283293822,28.16426058876945,42.076256110906044,3
2025-09-14T06:59:17.410398,65.54086107834453,56.3316746577512,27.721939903788087,46.79636941174565,2
2025-09-14T07:00:17.410398,75.26611434082055,78.82238209305847,27.491325173914255,21.179659918380107,0
2025-09-14T07:01:17.410398,62.35034880933826,75.71008435420981,21.6016196918883,26.837301409071483,2
2025-09-14T07:02:17.410398,77.05514951995832,76.15589788483251,16.01660803970763,15.640764549289843,3
2025-09-14T07:03:17.410398,57.21552220019336,69.65019576008831,26.754939372428215,11.608653137942184,0
2025-09-14T07:04:17.410398,76.01320374010555,57.86577562488882,28.092140160848697,10.784193528427437,1
2025-09-14T07:05:17.410398,61.88714112760274,86.08037049559567,13.238103693767618,37.660140035742494,2
2025-09-14T07:06:17.410398,81.97710858307636,48.303924806753386,21.817747475361966,49.13070560951264,1
2025-09-14T07:07:17.410398,62.11082781208806,48.170592260411766,16.937629650798264,29.566484344140612,2
2025-09-14T07:08:17.410398,56.687130062483064,67.01263997624918,27.401262383317906,29.56510256973619,1
2025-09-14T07:09:17.410398,75.58219600923437,69.32557355747181,19.041493409040605,47.73776350296274,3
2025-09-14T07:10:17.410398,69.9153848774194,64.81570255295257,17.97740953300976,37.23319818937016,0
2025-09-14T07:11:17.410398,73.1324236364209,69.89697166434487,28.497064007685967,10.289638279550166,3
2025-09-14T07:12:17.410398,74.43512551146081,61.49367757254044,26.171928053851506,41.21620054080331,2
2025-09-14T07:13:17.410398,56.20070426187139,67.93237671630015,21.821269133579257,44.989255061676175,0
2025-09-14T07:14:17.410398,81.54294501778458,50.28639921350565,16.311981330873486,28.952192275009054,2
2025-09-14T07:15:17.410398,44.47797057614444,48.20995460019303,8.529856557022354,16.031176977748387,2
2025-09-14T07:16:17.410398,67.49136168159127,64.99519056639464,7.659324730741897,27.544545316623747,0
2025-09-14T07:17:17.410398,84.52888011257218,57.21828417138899,10.927252333666727,22.660462389954183,3
2025-09-14T07:18:17.410398,48.353059304793504,82.76999770769686,25.233580270149446,29.231388576383107,2
2025-09-14T07:19:17.410398,60.684480994662955,53.57150168910468,29.60489761311052,28.421410273984932,1
2025-09-14T07:20:17.410398,49.34642982041103,62.372709541450575,26.937464726385052,37.25080395055207,1
2025-09-14T07:21:17.410398,53.02239110016687,60.75090893132799,14.913788037136047,11.89902534945698,1
2025-09-14T07:22:17.410398,41.23939444722444,80.46329457712869,6.096060330887175,25.964897097320623,2
2025-09-14T07:23:17.410398,53.92187473536296,69.94651790287601,11.708123140747293,31.102241759161746,5
2025-09-14T07:24:17.410398,18.920715403542516,41.806495119704365,6.946886797265401,27.439405392131185,0
2025-09-14T07:25:17.410398,16.057078914369473,52.518865335959866,7.0598223377221005,14.21196014517706,0
2025-09-14T07:26:17.410398,13.995719568139489,49.66656179011783,10.125824207631652,38.12967416073205,0
2025-09-14T07:27:17.410398,9.842582419655404,38.8356458028184,22.905444934416145,35.16324740943364,0
2025-09-14T07:28:17.410398,19.495204744068637,36.965773546743904,17.05443585068363,28.557675895056267,0
2025-09-14T07:29:17.410398,18.573334813930924,46.976806156004436,20.09148565291776,25.534128359171802,0
2025-09-14T07:30:17.410398,11.77811867903317,41.95100344330933,23.437417089797588,33.06885973328626,1
2025-09-14T07:31:17.410398,34.58105248465493,32.383159814121505,12.152114997986628,41.589131441113096,0
2025-09-14T07:32:17.410398,19.899798394758776,45.52111594831679,24.006903615768138,35.45934352257646,0
2025-09-14T07:33:17.410398,5.964144974113609,34.09063342243482,18.18268437773395,28.848685581230438,2
2025-09-14T07:34:17.410398,34.78610057204382,47.69716282644851,27.16574410947491,49.74637329507374,2
2025-09-14T07:35:17.410398,37.296347087768886,57.41771931949603,13.534222314913437,31.13114940948897,0
2025-09-14T07:36:17.410398,39.802000065065634,26.85112804174581,15.60895599599676,19.14483713776983,0
2025-09-14T07:37:17.410398,39.758284763649655,29.707461928301406,5.419374986627686,30.124290089129694,0
2025-09-14T07:38:17.410398,36.12378381680615,58.06266196355673,11.751511464751133,38.771995386560924,0
2025-09-14T07:39:17.410398,29.80018738527069,30.17503087040305,24.79142205560042,33.030464479143376,0
2025-09-14T07:40:17.410398,26.94841148485607,35.80325628585298,21.174910588981223,12.320310616253556,0
2025-09-14T07:41:17.410398,24.020146234430864,37.27236320562888,7.155049640350779,14.101995724812134,0
2025-09-14T07:42:17.410398,11.085028211362006,39.28585974954241,13.450603182059554,16.61375032695084,0
2025-09-14T07:43:17.410398,37.87135225250276,26.62375818501107,7.505872956141525,12.636997252263464,0
2025-09-14T07:44:17.410398,28.007879950770732,53.6896168793372,11.266177758396715,46.5931977824139,0
2025-09-14T07:45:17.410398,30.42510625359235,50.88727257104622,29.736342745740657,38.16866164958348,0
2025-09-14T07:46:17.410398,21.63735161357402,33.45622528612673,10.161936421872804,10.142544911065738,1
2025-09-14T07:47:17.410398,26.59955087926402,49.079842077370415,18.41144472596157,27.856994235455463,0
2025-09-14T07:48:17.410398,33.235463734578914,43.14823770940356,20.50912935293152,40.809635347688314,0
2025-09-14T07:49:17.410398,20.45194207200995,23.790967052915203,9.339545296622592,42.394418518434584,0
2025-09-14T07:50:17.410398,9.397169386573626,39.37671529300948,24.912899747818933,14.065367422168492,0
2025-09-14T07:51:17.410398,23.760918077836177,43.61437021287564,23.677531592314438,11.700898853478217,0
2025-09-14T07:52:17.410398,39.73703301465994,55.82555589320097,28.44653006636194,45.36978723040264,0
2025-09-14T07:53:17.410398,32.66218087114845,46.88965802639842,29.067775982823978,41.095117861798116,2
2025-09-14T07:54:17.410398,23.300682160888677,42.6453798442186,29.506557338671882,38.74676986488817,0
2025-09-14T07:55:17.410398,16.05245434243551,55.50208170315117,8.226212396956601,37.94895339340687,0
2025-09-14T07:56:17.410398,16.49299594431759,40.45428527007397,29.720363647552745,39.61652426592188,0
2025-09-14T07:57:17.410398,36.25722858660303,41.990531629266826,20.96673903630252,20.997828919913175,0
2025-09-14T07:58:17.410398,26.448836069122414,41.22030957012326,25.166990317220332,14.290461888428183,0
2025-09-14T07:59:17.410398,23.087151873155506,51.456752172059886,7.771083761569567,17.700929470319487,1
2025-09-14T08:00:17.410398,26.594277292397585,56.19328857705323,25.64883450813899,44.34961607473936,0
2025-09-14T08:01:17.410398,29.555047893258674,46.308117410066394,5.11933737936656,21.946433507264178,0
2025-09-14T08:02:17.410398,20.34131478191231,37.943646204136165,15.432836942845084,47.14094168224889,0
2025-09-14T08:03:17.410398,38.7640132688853,59.8589528125383,28.88080005053955,11.744446315992239,0
2025-09-14T08:04:17.410398,26.833051585308365,45.72380330067873,16.130142860490377,38.0093701720811,0
2025-09-14T08:05:17.410398,32.226750858200035,57.848235142715765,19.574683125615685,49.910799096410045,0
2025-09-14T08:06:17.410398,25.314360395145854,54.48118135564189,23.189717941601153,23.714880004743577,2
2025-09-14T08:07:17.410398,10.596821209331985,43.36865160891477,5.107431053278434,11.047534246262249,0
2025-09-14T08:08:17.410398,15.966243894526457,46.207425827745766,16.647345257203327,42.70714420035363,0
2025-09-14T08:09:17.410398,36.549018894498175,25.558571154803452,15.631268166691946,26.46382634618594,1
2025-09-14T08:10:17.410398,30.74132908081899,26.54308897724283,24.307791932183736,28.02957503269832,0
2025-09-14T08:11:17.410398,10.901858219707057,43.13970581646078,8.522321994698594,23.11188085576695,0
2025-09-14T08:12:17.410398,13.738807653847756,30.263365738438132,24.17434746874178,35.78909529360688,0
2025-09-14T08:13:17.410398,17.66263863960742,45.505753258128415,9.050965055994208,32.05321202757922,0
2025-09-14T08:14:17.410398,13.653563557814866,43.541358239306824,6.337360355837561,19.17644032186844,0
2025-09-14T08:15:17.410398,25.771928694396355,20.791274839692097,10.528155948262278,32.38647202090562,0
2025-09-14T08:16:17.410398,11.656236673807708,24.2920133686593,24.434943362155565,18.767646407407256,0
2025-09-14T08:17:17.410398,16.696174849749823,39.6010310236323,29.054576507207003,10.705623887375705,0
2025-09-14T08:18:17.410398,29.99864136869806,25.910755242103964,20.61735086212682,44.924547847574125,0
2025-09-14T08:19:17.410398,22.31503361099935,51.27424274993185,11.706798542665375,49.70702861856409,0
2025-09-14T08:20:17.410398,29.839804340248588,21.184090629187338,15.187064271826129,47.19192110568364,0
2025-09-14T08:21:17.410398,28.172911093695543,30.85027566396431,27.2239256616048,47.05639561581749,2
2025-09-14T08:22:17.410398,6.527654784300318,30.23881047098675,28.379888580792276,29.31175249574575,0
2025-09-14T08:23:17.410398,10.835310427530095,40.75387395592269,6.128699583114878,38.55687343607784,0
2025-09-14T08:24:17.410398,9.949977853070916,31.384743278315582,11.387968052548981,35.5252584380753,0
2025-09-14T08:25:17.410398,15.081379343863167,56.020796390465584,16.19668770399379,31.40217936089241,0
2025-09-14T08:26:17.410398,30.567633110706144,27.302822933103204,26.3836976568949,44.919698879784626,0
2025-09-14T08:27:17.410398,30.850689863535703,33.09769643047156,27.19733136376594,15.673876033448302,0
2025-09-14T08:28:17.410398,38.08785735705942,59.556003678642156,27.336173900618196,17.691543535015747,0
2025-09-14T08:29:17.410398,27.747473749066057,34.249666806077435,18.144591525659024,25.510308447495262,0
2025-09-14T08:30:17.410398,19.03152555806059,23.42485208634345,10.0540790084967,34.46624535560117,1
2025-09-14T08:31:17.410398,37.43250765888114,31.8492047235343,29.114641577255362,29.300575026484626,0
2025-09-14T08:32:17.410398,29.123662745006417,48.644256621903295,8.519634421072299,38.463568830970374,1
2025-09-14T08:33:17.410398,39.290656179215596,57.37029916100619,12.046416389145538,16.449486450918908,1
2025-09-14T08:34:17.410398,17.03329213818655,32.30783406398031,11.223356755761262,34.48639392563027,2
2025-09-14T08:35:17.410398,14.043202669384726,39.79708558860854,22.33339972249275,36.38895891403607,0
2025-09-14T08:36:17.410398,32.837623466121194,48.44507484562332,22.42022372050385,38.71586608613973,0
2025-09-14T08:37:17.410398,18.311417042486703,21.757019693317762,5.695529739518061,33.41419667177236,0
2025-09-14T08:38:17.410398,31.643626651360336,44.61616985477934,25.923840076484623,17.085981194087076,0
2025-09-14T08:39:17.410398,10.356292150716444,41.37571741322067,13.468749641142681,34.40071688072796,0
2025-09-14T08:40:17.410398,7.4834778310433645,58.899228859164865,24.063379782903738,34.42995842642546,0
2025-09-14T08:41:17.410398,20.96543329180512,53.344138809570374,5.396484077078519,34.860857378792296,0
2025-09-14T08:42:17.410398,25.09091934595215,43.73971955174135,27.81657111457483,21.447852131054542,0
2025-09-14T08:43:17.410398,5.642735402103781,55.14555750683102,7.267449136910338,24.617748510504967,0
2025-09-14T08:44:17.410398,7.940642226381414,49.03403198783711,10.55421312137198,41.07694570565884,0
2025-09-14T08:45:17.410398,18.47938874258777,45.530485573179156,16.292816199895277,13.36185405841606,0
2025-09-14T08:46:17.410398,32.875563188773455,51.861214029596255,24.490926293909393,10.223193703621698,0
2025-09-14T08:47:17.410398,34.09830313204111,37.923614964264296,24.72607968340318,35.28505734462268,0
2025-09-14T08:48:17.410398,35.07909379392241,49.25826595111623,6.061411836362561,23.043262593750352,1
2025-09-14T08:49:17.410398,27.35978463501214,34.04849800939817,18.41357188621059,23.30078192334524,1
2025-09-14T08:50:17.410398,9.343513744926167,31.866547596998927,16.091991136397155,45.57353119268973,0
2025-09-14T08:51:17.410398,26.752714039090417,36.02876466781728,8.720925877492498,21.368242246818507,0
2025-09-14T08:52:17.410398,39.14342959409582,39.60651273696037,18.101847613666223,23.696800540822665,0
2025-09-14T08:53:17.410398,28.798810648535937,35.45330998071998,5.984997920914169,44.371931099095924,0
2025-09-14T08:54:17.410398,72.8415977643415,58.052485220007405,5.359329887805812,18.637550484248962,0
2025-09-14T08:55:17.410398,55.17056152383999,59.9639407483125,13.681654321792143,47.98970987541381,0
2025-09-14T08:56:17.410398,54.46822432459233,81.88968833472322,7.233410947065639,26.871187472705365,0
2025-09-14T08:57:17.410398,61.575823666634555,48.471996253598135,25.392331944031213,10.512440750778076,2
2025-09-14T08:58:17.410398,49.358103834774575,59.32292598691497,19.27322583661092,14.12567308722557,1
2025-09-14T08:59:17.410398,40.96313675223454,51.30110221917733,5.385985676483641,28.794068914834593,2
2025-09-14T09:00:17.410398,67.06246550359087,49.18392257757951,24.438453694766622,25.58059805612238,2
2025-09-14T09:01:17.410398,70.53795615123006,67.5600298621487,26.549134022312895,20.50420194531343,1
2025-09-14T09:02:17.410398,56.4465754260121,75.06780989692042,16.07918175336343,27.653398664313762,0
2025-09-14T09:03:17.410398,72.65100084184851,63.79320731901922,5.178252373391874,20.156832798219213,2
2025-09-14T09:04:17.410398,68.76625588920885,47.973284020130805,15.11992718521576,15.038886004164462,1
2025-09-14T09:05:17.410398,72.82678578584874,82.72055397223018,7.951402456593113,47.8959183877497,2
2025-09-14T09:06:17.410398,56.65361228956981,76.39085401502689,8.447443367959458,42.2310900463551,1
2025-09-14T09:07:17.410398,48.29931632818479,51.6868148238526,26.4696973797486,38.857786823236125,4
2025-09-14T09:08:17.410398,82.06236828386074,59.25942914936337,17.719824406533775,28.795082756622115,1
2025-09-14T09:09:17.410398,60.63663350948936,82.24217131521559,28.029174012252653,31.709896098589464,2
2025-09-14T09:10:17.410398,55.44932785283308,80.85592287123637,17.397320574975016,16.056819167778748,1
2025-09-14T09:11:17.410398,50.10637700119926,76.37202317174433,10.422959673782838,19.712771299387658,2
2025-09-14T09:12:17.410398,84.17904585084318,58.00049896811706,18.31487069354132,18.852922732244018,2
2025-09-14T09:13:17.410398,36.350754787333784,65.30904923226863,16.191535411420283,44.49606336783129,2
2025-09-14T09:14:17.410398,63.00365537779385,50.61226473627724,13.388730368161273,44.74448679009315,1
2025-09-14T09:15:17.410398,49.44645209963793,61.354742802373096,14.789170325460628,10.420383141394707,3
2025-09-14T09:16:17.410398,50.23620137381293,77.30984689669091,14.126593235584233,43.452065234419294,1
2025-09-14T09:17:17.410398,68.02088221875992,60.120880565643645,28.46179486529356,15.22947837983125,2
2025-09-14T09:18:17.410398,53.970984955866285,63.905034636948656,12.753938916793548,20.359238861932667,2
2025-09-14T09:19:17.410398,40.911825676868055,73.72638867841587,21.49868432319357,25.236589229534317,2
2025-09-14T09:20:17.410398,36.77636785913568,79.54032323180292,9.933326623120607,38.93044710721696,3
2025-09-14T09:21:17.410398,63.425170328044416,45.14731651447576,5.298243361010589,13.938337439593838,3
2025-09-14T09:22:17.410398,59.52808325146669,53.79474612731238,20.628207160681384,24.323901237060007,1
2025-09-14T09:23:17.410398,51.57278454532717,59.76129095664402,13.980690501427787,43.114522065444795,3
2025-09-14T09:24:17.410398,26.036039465769626,44.766135329591606,23.227032156919673,37.09747523245689,0
2025-09-14T09:25:17.410398,38.082605438320705,29.440779912521513,21.980381487921505,46.76028580240707,0
2025-09-14T09:26:17.410398,35.912082874136004,48.21942054083011,28.318557884861583,12.523117240139424,0
2025-09-14T09:27:17.410398,7.848199998773032,55.30075887913319,26.46559744544227,35.826859562771325,0
2025-09-14T09:28:17.410398,37.569334647774774,41.08048424331976,16.773831408793832,31.462542090698165,0
2025-09-14T09:29:17.410398,20.63926677064808,39.368570923144645,17.183232871529327,23.859346721550313,0
2025-09-14T09:30:17.410398,33.856995918403015,28.404990525683512,6.644100505682111,12.086771323176425,1
2025-09-14T09:31:17.410398,31.633068743075757,58.80271078402564,18.09421833983573,18.303852475900197,2
2025-09-14T09:32:17.410398,8.531487800315302,37.94945876765096,27.170819921763623,49.331235710302096,0
2025-09-14T09:33:17.410398,5.345453424930927,23.706347195579987,17.82685668818096,38.70274101537004,0
2025-09-14T09:34:17.410398,32.87997822955257,26.818271244645008,15.428756230407826,30.096515416984516,2
2025-09-14T09:35:17.410398,13.35558356302552,31.099030619827317,29.584581441702447,12.864592091014488,0
2025-09-14T09:36:17.410398,7.338816259692888,38.85640225748439,17.12304931972222,16.406159542758072,0
2025-09-14T09:37:17.410398,33.16832105568983,36.929302794172884,26.810934191306252,48.635680686642,0
2025-09-14T09:38:17.410398,15.862676010535196,41.810275924822164,22.983101827213286,43.57643858464537,0
2025-09-14T09:39:17.410398,34.84674376097149,46.029037322173465,24.953821539542535,30.88708384602686,0
2025-09-14T09:40:17.410398,30.76068638773681,36.06297259731455,22.870425833631774,17.010045494922533,0
2025-09-14T09:41:17.410398,29.226131129406163,55.18250983813516,19.21253908441759,14.506398404242212,0
2025-09-14T09:42:17.410398,27.799784287829215,41.822477708609725,19.526509502292253,21.18035024769304,0
2025-09-14T09:43:17.410398,6.942053928631039,56.00692222236718,24.23057006036345,16.08098658226855,0
2025-09-14T09:44:17.410398,7.291011444644878,27.432011221991633,28.581504354529873,15.178169668671217,0
2025-09-14T09:45:17.410398,38.475985392228814,55.640293217909615,21.753710454095962,42.27787012204588,1
2025-09-14T09:46:17.410398,5.447285959075289,27.093960669863918,24.19689012085782,23.44278554374316,0
2025-09-14T09:47:17.410398,31.577786405755493,56.73331189630962,13.400053318512777,27.251212128159857,0
2025-09-14T09:48:17.410398,31.76010231251721,45.93428161120103,22.028390230113686,18.01840393810037,2
2025-09-14T09:49:17.410398,35.77257186701162,47.03044285428608,16.058821672380315,49.456702371835576,0
2025-09-14T09:50:17.410398,5.4810533305667315,43.787845891283574,16.839193302746217,15.706954732013836,0
2025-09-14T09:51:17.410398,38.35590755999246,26.54227245430148,29.025722623291035,48.78628312262042,0
2025-09-14T09:52:17.410398,22.46671106687604,46.49505373324247,15.092875433971244,46.2881697014919,0
2025-09-14T09:53:17.410398,17.270834557397798,55.24846694422485,9.430991937025873,33.45190499118607,0
2025-09-14T09:54:17.410398,37.701937149620264,42.338070453316085,18.666481799417628,31.824737263192713,0
2025-09-14T09:55:17.410398,11.742255885227443,55.78575977973908,13.851245459839049,25.586618285763958,0
2025-09-14T09:56:17.410398,29.51419421511672,46.75625578442817,29.312171028621012,25.324797315806904,0
2025-09-14T09:57:17.410398,11.907923540763987,55.984951859313384,8.120004561784354,34.15670388742303,0
2025-09-14T09:58:17.410398,11.46392228447938,59.9834116110363,24.762460523599906,38.09425723512803,0
2025-09-14T09:59:17.410398,39.28002216207621,53.057383364852775,5.727929684569117,23.63837688520517,0
2025-09-14T10:00:17.410398,19.05733084405031,46.82433554351702,12.927173192634303,45.9080259077713,0
2025-09-14T10:01:17.410398,24.617993605921292,43.93911434849079,25.154282443003922,15.335663276976836,0
2025-09-14T10:02:17.410398,36.23821096406019,57.7350287580864,20.255143254176776,33.485745916674894,0
2025-09-14T10:03:17.410398,8.704412887701444,22.913965197460602,18.534208595018562,25.600275929863837,2
2025-09-14T10:04:17.410398,30.65667889900609,29.270485804845244,8.51974842403489,17.621706933686735,0
2025-09-14T10:05:17.410398,21.523546435398277,32.12510254581051,29.05653520359024,30.295946033821735,1
2025-09-14T10:06:17.410398,13.133776985363584,21.361816970656726,8.211771334946842,21.474168918986898,0
2025-09-14T10:07:17.410398,37.52945855951751,29.116490494172893,8.27856643152704,20.981955818793807,0
2025-09-14T10:08:17.410398,37.007735574141186,49.53275263740547,19.67023004372517,48.09262738118777,1
2025-09-14T10:09:17.410398,32.7653601975904,27.998588560560002,14.316791342862649,32.14753345098071,0
2025-09-14T10:10:17.410398,7.573623775722322,35.236062521692446,16.862698070489646,44.39015413782518,0
2025-09-14T10:11:17.410398,7.175004633648943,48.61638158819811,29.440844650137578,42.3066719022852,0
2025-09-14T10:12:17.410398,33.961873165459465,40.818010646317596,17.38554174845906,49.59886681148837,0
2025-09-14T10:13:17.410398,6.8240748055199045,40.588679173944065,13.579142691268741,11.759567918848033,0
2025-09-14T10:14:17.410398,34.27105156957819,55.83417767977003,27.217997504226837,30.25296624923529,0
2025-09-14T10:15:17.410398,22.399338649454346,30.93561533709678,8.551724761578729,41.552506025889095,0
2025-09-14T10:16:17.410398,24.377199940536414,47.24947002319506,9.601994400697752,18.024900065413462,0
2025-09-14T10:17:17.410398,24.31419400668332,51.534593147468115,21.86258171731426,36.610012692153646,1
2025-09-14T10:18:17.410398,30.840258527866858,45.40874306289725,21.402816497126338,35.22261742335878,0
2025-09-14T10:19:17.410398,34.29541691997648,40.05602465278815,13.118877752453352,35.32157539524239,1
2025-09-14T10:20:17.410398,35.37618510860254,43.03073625449524,29.765508843816754,48.66008654774259,0
2025-09-14T10:21:17.410398,34.344985240970274,39.863603843823846,8.22789692649195,40.18868783095067,0
2025-09-14T10:22:17.410398,38.67565909746651,42.464174565880114,14.083247633982767,11.98472290913449,0
2025-09-14T10:23:17.410398,32.04648934321662,50.133522214685755,28.55067098038498,13.22162028250531,0
2025-09-14T10:24:17.410398,8.187013991141201,21.106923832755754,19.732202093265148,22.26901416147014,0
2025-09-14T10:25:17.410398,22.538364331878856,32.97309940997293,11.124119201624184,33.89519423121819,0
2025-09-14T10:26:17.410398,34.2432431585768,54.32003278218258,11.571312324275757,30.19579641757155,2
2025-09-14T10:27:17.410398,6.976399810173413,28.04384371256347,15.914178276098873,39.63930985942728,1
2025-09-14T10:28:17.410398,34.072638302293356,28.40755665006668,23.15478922829107,18.757484330562,0
2025-09-14T10:29:17.410398,24.02564694668668,42.19167604308545,21.380244183201793,10.184812987147618,0
2025-09-14T10:30:17.410398,30.68373783345627,34.78745508414226,29.623916814920896,21.066836082545688,0
2025-09-14T10:31:17.410398,10.579148928108058,22.618927865089372,6.637859424960828,41.01571273642877,0
2025-09-14T10:32:17.410398,27.05462974716949,59.67949269625519,21.968711331753266,30.514782604338684,2
2025-09-14T10:33:17.410398,26.992788612259073,38.5090219738093,6.5798261894703565,42.55749304473972,0
2025-09-14T10:34:17.410398,23.665717665604134,33.601884249949705,27.668590280420442,14.096360210001038,0
2025-09-14T10:35:17.410398,31.693951804188114,25.31283286372682,22.985021338635384,22.923802917777238,0
2025-09-14T10:36:17.410398,30.566295203370863,58.28989010510572,12.176435118520219,45.84282955416475,2
2025-09-14T10:37:17.410398,38.71389134084361,52.35462734462226,8.942663393514165,23.24846505670541,0
2025-09-14T10:38:17.410398,20.885778092037846,55.86804562420059,16.99329508606326,28.380515596902285,0
2025-09-14T10:39:17.410398,24.75314362328241,40.939698330613325,8.199376749533062,33.53297754660858,0
2025-09-14T10:40:17.410398,34.08284486578307,58.17359988106001,13.989319799036103,34.38022725457965,0
2025-09-14T10:41:17.410398,16.047106166453727,44.95133749432039,29.53476685772024,11.267670060547239,0
2025-09-14T10:42:17.410398,17.3431631255944,58.41625896500831,29.110510879161705,47.34035062924353,0
2025-09-14T10:43:17.410398,27.34191362912512,55.82044400708345,18.016006416450793,19.14663843907043,0
2025-09-14T10:44:17.410398,20.37142638847099,45.989495275483456,16.118801798161716,35.98582844572692,1
2025-09-14T10:45:17.410398,22.178664928496268,50.900725972496346,23.286699000648294,18.54420060591736,1
2025-09-14T10:46:17.410398,35.44932949813279,21.2536173638124,27.51468150584801,43.882371535699654,0
2025-09-14T10:47:17.410398,7.932176551485961,44.9481683939381,12.3522959873243,17.497265622597666,0
2025-09-14T10:48:17.410398,23.59352082227135,36.8039772847175,28.362467720040065,29.863783529791807,0
2025-09-14T10:49:17.410398,16.806452276211395,57.89185024271886,8.164682167240237,37.45176548517035,1
2025-09-14T10:50:17.410398,16.061276195055093,39.65243269055405,8.755005171082775,49.835376564728634,0
2025-09-14T10:51:17.410398,24.810714176769437,36.073519687089416,5.478430476124362,36.65652410400041,0
2025-09-14T10:52:17.410398,36.21439959802002,39.181178511342644,25.763248238445925,11.063592145102717,0
2025-09-14T10:53:17.410398,21.03715497015936,27.013481554798247,12.431934380286664,44.859617056760484,0
2025-09-14T10:54:17.410398,70.03345870892207,48.95789170624114,27.041284383766687,42.28306924801438,3
2025-09-14T10:55:17.410398,50.79768705157218,79.79998499632595,29.212981096771745,20.49337527248686,0
2025-09-14T10:56:17.410398,56.56897439825262,67.74636812697455,7.41841883980673,45.527903762697555,1
2025-09-14T10:57:17.410398,71.03076608021772,60.28840759535937,22.260281687750055,42.161480546848,2
2025-09-14T10:58:17.410398,73.7072251139607,56.828912769181265,5.566826485199656,33.56611955051783,2
2025-09-14T10:59:17.410398,55.278796467517665,82.42464857789608,7.467983439504263,44.25703710173606,1
2025-09-14T11:00:17.410398,73.99718188792765,76.25258405340995,19.574066811380984,40.14330232303339,3
2025-09-14T11:01:17.410398,49.6078802658585,77.50527590453889,14.965905027790445,30.110675030937703,0
2025-09-14T11:02:17.410398,51.85188261918708,76.906379630294,19.725024952458334,27.30874988456662,0
2025-09-14T11:03:17.410398,68.2387439055866,73.53689928734265,17.0320516700162,16.271664956713124,3
2025-09-14T11:04:17.410398,66.28044170420989,81.36056468389741,18.571039921258365,27.820892605974514,2
2025-09-14T11:05:17.410398,47.63436845170184,54.80785386369537,12.297422599895212,30.554587796663064,1
2025-09-14T11:06:17.410398,80.6762919185508,51.86146442584206,5.188745891796111,46.00110756186418,2
2025-09-14T11:07:17.410398,54.021768924334935,73.25246724110568,23.78143869530565,42.38357029136021,0
2025-09-14T11:08:17.410398,64.95378404981999,74.94783315713289,9.6325255547561,43.72084359882267,1
2025-09-14T11:09:17.410398,38.136356733307565,86.25717526433036,17.451924427271805,19.834341271668148,2
2025-09-14T11:10:17.410398,55.930815888355646,44.382251793282514,12.843372119375786,29.858877635909124,2
2025-09-14T11:11:17.410398,49.94894030423607,47.600791261218575,15.310589625878261,22.1742821794914,1
2025-09-14T11:12:17.410398,77.90452663946235,70.92953083447091,28.4767333515112,36.308832936344324,1
2025-09-14T11:13:17.410398,66.68734626661363,56.336685334919835,15.091139842752217,30.648846945543266,0
2025-09-14T11:14:17.410398,54.60695397301558,59.11164952348251,28.10984317467561,40.1407168459772,1
2025-09-14T11:15:17.410398,81.81673042037323,68.7035755242638,23.530740612559715,22.333358659889537,3
2025-09-14T11:16:17.410398,51.84966982758024,56.004956128304386,14.585838738634452,16.971714094923755,0
2025-09-14T11:17:17.410398,69.7808905169614,67.65876224686316,18.974681283207374,27.658476858677446,3
2025-09-14T11:18:17.410398,48.090345761411896,49.62219549145668,13.177672077682288,12.329426199624116,2
2025-09-14T11:19:17.410398,66.44235243485289,61.29924508611688,21.369521935326595,35.722978821481405,2
2025-09-14T11:20:17.410398,43.61701446976339,79.12090691814186,23.675802722439308,28.68263298959946,1
2025-09-14T11:21:17.410398,84.79457950430036,59.98503968581666,10.823451382556316,46.33170043615782,1
2025-09-14T11:22:17.410398,57.6101202143696,60.47073996094545,22.533847922616257,39.38504221873102,3
2025-09-14T11:23:17.410398,76.34443316413441,61.08604767664464,26.086850403255127,28.025848076875143,1
2025-09-14T11:24:17.410398,14.459735997572231,31.620205978709276,23.124923008379838,37.02085682474156,1
2025-09-14T11:25:17.410398,15.642738145848565,43.62018908180309,23.396858820153888,46.67582821190655,0
2025-09-14T11:26:17.410398,37.385089333949054,44.861244689485815,5.885629898685872,27.4412709238233,0
2025-09-14T11:27:17.410398,35.97065481157803,53.74344751505223,21.792874562663894,44.89535544544751,0
2025-09-14T11:28:17.410398,23.298218608146616,51.267163067520755,9.673424209585864,17.839313063564934,0
2025-09-14T11:29:17.410398,18.33433725149342,49.160135895020744,17.74492880416925,42.958344885314446,0
2025-09-14T11:30:17.410398,9.859323769301369,28.614053587611586,16.65739846380341,43.366435317978826,0
2025-09-14T11:31:17.410398,27.432880875408006,45.03870006669935,10.832804337728714,36.144734641149746,1
2025-09-14T11:32:17.410398,37.94108770867012,45.87129114288298,23.353276917516137,21.770554253057494,0
2025-09-14T11:33:17.410398,22.188814949164097,33.378484967653414,8.707859202517183,34.99908090544905,0
2025-09-14T11:34:17.410398,29.68308297928921,52.30201354700557,9.61159061879965,33.54314083372275,0
2025-09-14T11:35:17.410398,32.93615510403356,57.17586036036765,12.878365984511255,21.06846691995681,0
2025-09-14T11:36:17.410398,25.20569969689858,37.404936323740586,28.104557249112627,22.007569482596754,0
2025-09-14T11:37:17.410398,22.46388604046953,28.067145925188456,16.574070480085354,19.503477203889066,1
2025-09-14T11:38:17.410398,26.660993304174053,21.291393377846553,18.221552703414197,32.04224319881307,0
2025-09-14T11:39:17.410398,35.10567291878442,34.73544294364582,24.06547718973906,22.43514755329237,1
2025-09-14T11:40:17.410398,10.38980187461409,32.76106598733692,8.224121284536068,16.22971071976061,0
2025-09-14T11:41:17.410398,11.111218988728334,28.563953339202527,10.216881180399515,32.24851221360559,0
2025-09-14T11:42:17.410398,33.57749370089767,42.08048189209778,27.21364522834786,26.516192830683497,0
2025-09-14T11:43:17.410398,24.16628363624469,31.890666596906417,18.426744397523954,36.562971990938095,0
2025-09-14T11:44:17.410398,21.433980195378155,52.70998980938928,18.07562111253408,29.550467100375823,0
2025-09-14T11:45:17.410398,32.61300475629763,57.15038370839794,8.107991804856603,42.32790677844507,0
2025-09-14T11:46:17.410398,26.370934800164804,35.90417357808589,28.68091473952272,44.37422613043753,0
2025-09-14T11:47:17.410398,32.39161555711674,32.48452729782227,5.522967422525847,29.116036742484127,0
2025-09-14T11:48:17.410398,37.0009418710987,29.313900969967264,8.795128892441188,26.73041473981895,1
2025-09-14T11:49:17.410398,19.262683515054018,29.18692379820779,8.184491978889398,32.73967844025657,0
2025-09-14T11:50:17.410398,32.70572019201022,28.38427167460068,13.459226322840793,26.145895895546907,0
2025-09-14T11:51:17.410398,17.113240994428462,49.648860461564084,28.536105986824307,21.83566398513593,1
2025-09-14T11:52:17.410398,6.604409757998631,46.08982573221808,10.958429200224021,37.056831389252814,2
2025-09-14T11:53:17.410398,23.95536662186576,54.31156613443403,11.226179472690063,29.581568826256298,1
2025-09-14T11:54:17.410398,13.27522599646063,54.3820075584678,29.199617391064347,37.868406062352335,0
2025-09-14T11:55:17.410398,10.426235435507916,33.13932393280621,22.70552265329894,42.131366317810134,1
2025-09-14T11:56:17.410398,13.434514709166084,24.682503142334802,5.450499243257299,11.91140448553826,0
2025-09-14T11:57:17.410398,37.9105402086999,49.39175344907405,11.945934397077195,28.553028267890056,0
2025-09-14T11:58:17.410398,34.96950109439482,24.783140020905204,9.905388143456307,30.100980729347175,0
2025-09-14T11:59:17.410398,24.964476889142038,55.470076062774936,13.552641028303432,25.13604140445759,0
2025-09-14T12:00:17.410398,7.098129130748516,45.13067353734418,10.78483410272227,45.35000177095839,0
2025-09-14T12:01:17.410398,24.485874459280858,44.010023723805446,11.595635524131204,40.44945525145021,0
2025-09-14T12:02:17.410398,13.393131451330731,56.15197778413958,5.7285568677772964,30.46151276846564,0
2025-09-14T12:03:17.410398,9.617559895703234,47.29009491947676,9.471432538015257,28.62542729621832,0
2025-09-14T12:04:17.410398,14.558140384120357,45.808832076549876,24.49318807412474,24.51280701384452,1
2025-09-14T12:05:17.410398,12.722858285295136,22.495290663047427,11.304934610690925,32.95257038809283,0
2025-09-14T12:06:17.410398,13.706811610987764,27.421343641508184,29.592511599434186,48.21101256897492,0
2025-09-14T12:07:17.410398,24.89459537824136,23.206066439666206,18.213226600717654,24.142377027124546,0
2025-09-14T12:08:17.410398,30.290864710223637,32.625786262706285,25.58046486372817,17.35946792072371,0
2025-09-14T12:09:17.410398,37.77021150673762,22.299672649407405,19.22679236634125,12.567315722685448,1
2025-09-14T12:10:17.410398,39.17331967269854,32.62600113633666,25.27352126874185,11.534335960891804,0
2025-09-14T12:11:17.410398,16.351466663097526,43.51345208507567,23.720740143384322,39.311896575446646,1
2025-09-14T12:12:17.410398,32.13718646948766,36.46769441032506,23.940061443652684,49.982702639876535,0
2025-09-14T12:13:17.410398,35.866180423130174,44.54835207022249,10.819005819396109,40.51111149856817,0
2025-09-14T12:14:17.410398,19.889300871838373,49.594175337490455,19.2937619381308,34.44440334640291,0
2025-09-14T12:15:17.410398,14.808717698420178,29.324719600639636,16.723957701388688,39.50990402294821,0
2025-09-14T12:16:17.410398,13.138552800714443,28.400518259614834,21.84183100697024,20.730423374324904,0
2025-09-14T12:17:17.410398,35.515402654541425,43.69952736030654,13.54564951260855,19.91963573804369,1
2025-09-14T12:18:17.410398,10.946605503853192,52.70387597409613,6.982163521090308,29.409365930119357,0
2025-09-14T12:19:17.410398,19.806523974872746,28.65349291096281,24.788611432295188,43.1954591688192,0
2025-09-14T12:20:17.410398,19.20376562718822,49.39354252577212,28.587763962755844,11.331567742266833,0
2025-09-14T12:21:17.410398,19.406526373744406,36.09079860455043,18.10593856103124,21.27832506411177,0
2025-09-14T12:22:17.410398,15.985486945590615,36.87575591638071,5.325013305149849,31.427588206791448,1
2025-09-14T12:23:17.410398,7.430406273577833,21.11408768561799,7.583054561762976,25.024867086048825,0
2025-09-14T12:24:17.410398,26.969705551442935,45.9661046293901,13.224882985997814,13.382792254758433,0
2025-09-14T12:25:17.410398,23.88503366170145,34.30515173954966,29.30158802154534,42.56088174812162,0
2025-09-14T12:26:17.410398,28.23688133404065,55.758187902762984,24.109519562859973,33.38612438036337,2
2025-09-14T12:27:17.410398,17.276905743988742,35.64864284926131,29.80640892965447,46.18161352551334,0
2025-09-14T12:28:17.410398,32.50050827581519,35.020550358964364,12.80667790545569,38.308881149333274,0
2025-09-14T12:29:17.410398,7.182266953988429,56.81886888362909,12.063193795313612,46.63473096846362,0
2025-09-14T12:30:17.410398,34.10892013412795,52.85263956592032,5.229558636600514,30.548813640497055,0
2025-09-14T12:31:17.410398,29.613654004372265,22.394510651099466,12.631634792235175,49.14509242077159,0
2025-09-14T12:32:17.410398,33.77661451889489,42.67325632521639,5.011633075645209,34.12201685604205,0
2025-09-14T12:33:17.410398,6.306189610752074,34.55870970631345,11.525486459097849,49.05798168972546,0
2025-09-14T12:34:17.410398,23.68908858897709,26.23620866921587,8.566221684868362,31.530160807030526,1
2025-09-14T12:35:17.410398,25.922468629802644,48.74412051035891,23.900874138756503,34.45002588078357,0
2025-09-14T12:36:17.410398,25.965382687039202,22.38334255146753,20.00684277237366,26.0144930292683,0
2025-09-14T12:37:17.410398,24.73361398867531,37.93705424840266,17.461603896119943,23.83460390497238,0
2025-09-14T12:38:17.410398,34.20267051652303,55.35816760085232,12.250728203129448,26.727963860028197,0
2025-09-14T12:39:17.410398,30.68253088350809,51.96739226341011,21.94588711898858,10.218018742427768,0
2025-09-14T12:40:17.410398,14.480848556320385,29.50235313555055,16.004435765239432,47.27141449105088,0
2025-09-14T12:41:17.410398,15.864885593910632,48.7885276659582,19.652247601564163,20.52919551288747,0
2025-09-14T12:42:17.410398,8.243981426621845,46.88244859132663,25.52358504461096,40.69814002609986,0
2025-09-14T12:43:17.410398,17.806817189924455,53.38950551120671,6.548201478201711,13.4432642761307,0
2025-09-14T12:44:17.410398,24.543306446399047,42.524527888522144,5.818440655438312,20.56832285580567,0
2025-09-14T12:45:17.410398,12.008851487912391,32.630599503932046,10.58128925752088,16.099085410952014,0
2025-09-14T12:46:17.410398,28.16512768872704,30.452004731681566,27.338026626623193,37.539898430407916,0
2025-09-14T12:47:17.410398,9.949534770792232,43.81020182320402,24.975191230205695,39.51175315751286,0
2025-09-14T12:48:17.410398,12.505334436029944,58.88519397607959,15.885055320200761,22.853698512031094,0
2025-09-14T12:49:17.410398,19.63306114315747,29.259084440996972,18.028256400596206,13.695783932710457,1
2025-09-14T12:50:17.410398,14.591424827742546,26.151625993288633,10.269582732449082,48.16521911751902,0
2025-09-14T12:51:17.410398,30.05954646800708,26.106048355368394,29.64742161787976,41.20985166761258,0
2025-09-14T12:52:17.410398,15.829530246393187,36.10731870658867,27.12010193853084,14.173626536712426,0
2025-09-14T12:53:17.410398,30.830547782698876,35.921516165412044,25.898345056045674,42.83886396307272,1
2025-09-14T12:54:17.410398,55.320246716796696,50.05793191001637,18.217377612286892,15.755968736877062,1
2025-09-14T12:55:17.410398,50.60363960247395,76.91035340082965,26.598473884389072,32.894976751172095,0
2025-09-14T12:56:17.410398,56.15183060077608,47.19436805938618,26.243258463321567,18.708012717872386,1
2025-09-14T12:57:17.410398,62.238424895926,51.34325564187458,25.166002311510443,29.368998112095248,1
2025-09-14T12:58:17.410398,71.07361670466508,68.83705155208044,22.719466003656194,12.636833798983576,1
2025-09-14T12:59:17.410398,58.44718929819614,46.51351794151461,23.577959607460883,21.447890464973305,2
2025-09-14T13:00:17.410398,37.55546851362179,65.37831839178813,22.79141674722701,31.121315317435617,2
2025-09-14T13:01:17.410398,65.55139259507911,49.695943649375565,12.021953209735532,15.757605799485681,3
2025-09-14T13:02:17.410398,68.76289600678169,74.34803872445521,21.963865299306804,15.527649026495434,2
2025-09-14T13:03:17.410398,79.67254325587157,84.04616851415047,12.456377105585021,11.11083019039663,0
2025-09-14T13:04:17.410398,67.21735326546546,80.81939715916349,29.275397967233143,47.743569645437006,4
2025-09-14T13:05:17.410398,81.89645753004858,78.9138212144678,12.499190108460805,22.127071609400808,3
2025-09-14T13:06:17.410398,68.5862737494148,71.04111491759221,7.650278724590413,11.591285089654178,2
2025-09-14T13:07:17.410398,70.00308234503004,72.48609876539152,5.24538771887897,31.846038373010522,3
2025-09-14T13:08:17.410398,69.21999847484418,76.07308721508126,12.32976678490133,35.63113050310024,2
2025-09-14T13:09:17.410398,59.85959754510344,59.97418357441843,15.31924410440098,40.24102882535677,1
2025-09-14T13:10:17.410398,53.58650612038208,77.30532343377817,14.689732664672986,13.05536020459941,2
2025-09-14T13:11:17.410398,51.5707739537701,56.44661056549107,5.577867239928037,25.62858204085896,1
2025-09-14T13:12:17.410398,62.63765921862308,69.57980928970817,11.853633827956244,43.40233261053798,2
2025-09-14T13:13:17.410398,82.81559122861057,75.70935360731019,25.090371177622348,23.385715934959315,1
2025-09-14T13:14:17.410398,88.02141559741705,82.18614095740611,10.451869381056905,20.63591963120121,2
2025-09-14T13:15:17.410398,78.35455329777727,74.58133365574189,28.898229215587264,34.08397211006225,1
2025-09-14T13:16:17.410398,78.91896922065438,53.17560762555571,15.72665516868894,34.318719683304465,2
2025-09-14T13:17:17.410398,75.53680473382123,72.03304156159493,10.05800641420018,12.396662170134466,2
2025-09-14T13:18:17.410398,61.30542850904021,62.02134431816057,28.283596219390294,16.4823525856543,0
2025-09-14T13:19:17.410398,72.88379032099084,53.634548552100846,8.386498242655525,10.807317630284846,0
2025-09-14T13:20:17.410398,73.46968578979951,63.21880002863584,22.94327235912827,46.85210231092598,1
2025-09-14T13:21:17.410398,53.475520776439794,56.33520816029975,10.586791892572096,49.76156761666187,2
2025-09-14T13:22:17.410398,79.36367717009858,83.55564820637396,6.014970149605176,31.48229470931757,1
2025-09-14T13:23:17.410398,72.79457292747901,55.96966757979748,5.305920633309395,38.03411457115242,1
2025-09-14T13:24:17.410398,19.582638374914364,22.662770632347332,24.209380096669804,16.22957334392618,0
2025-09-14T13:25:17.410398,9.242410805799995,58.354957673783844,25.945340925564935,41.95948667021658,0
2025-09-14T13:26:17.410398,17.335025333796985,40.78910763007565,8.842793388740281,41.937066073905285,2
2025-09-14T13:27:17.410398,38.40546911071288,45.653144953686436,12.587807727241008,27.915051979011082,0
2025-09-14T13:28:17.410398,23.90343764714,41.91479682354912,29.052873152288527,31.363663216693997,0
2025-09-14T13:29:17.410398,6.4019083618795865,27.688255361483698,5.838378255965918,11.529168332411949,0
2025-09-14T13:30:17.410398,35.90782663997321,47.36956948375743,11.986167678433521,12.82829574780743,0
2025-09-14T13:31:17.410398,35.64379993192118,34.94773366497497,24.237700361390146,14.099604392837817,0
2025-09-14T13:32:17.410398,34.089474689568405,31.89130065715004,11.679403000299345,42.258318970161966,0
2025-09-14T13:33:17.410398,29.70929380636423,45.91355071023846,18.464671688594258,26.078772349228213,0
2025-09-14T13:34:17.410398,37.065516841091146,55.03676981645196,5.798135963293742,39.551131208538465,0
2025-09-14T13:35:17.410398,26.15604151426321,48.249533782666674,29.687566466033353,24.414397683142212,0
2025-09-14T13:36:17.410398,7.301374525373226,23.009063373555637,11.193370178432552,34.1051184032945,0
2025-09-14T13:37:17.410398,19.930477524348497,43.51096817550393,11.056481033242864,32.72333856238356,0
2025-09-14T13:38:17.410398,5.324145174426171,21.425595273254668,6.404359899622329,35.89793454997877,0
2025-09-14T13:39:17.410398,31.196206977507714,58.48765362904259,28.698453285118678,20.74334326261728,0
2025-09-14T13:40:17.410398,11.352859394713397,23.80128988461792,28.747878746607277,41.059299028089725,0
2025-09-14T13:41:17.410398,19.30258499275459,50.45134489414419,10.334142621383801,46.97468951543087,2
2025-09-14T13:42:17.410398,36.35664518239743,25.612106139667684,13.417237787767304,47.655479385794976,0
2025-09-14T13:43:17.410398,19.866415185861545,26.044441946060285,6.7497535485812925,25.17282090139269,0
2025-09-14T13:44:17.410398,30.958479435972723,25.982994141878095,8.83446176649566,32.80445407362015,0
2025-09-14T13:45:17.410398,10.736403061885095,55.81522156952406,12.854473527032399,28.6014840004782,0
2025-09-14T13:46:17.410398,22.519596039494587,45.60444089697076,28.205418804890535,45.20425780755386,0
2025-09-14T13:47:17.410398,31.171129088120516,33.93413401486906,8.576678396382732,27.438649852726897,0
2025-09-14T13:48:17.410398,36.58596004233142,27.78176719818819,19.449364814768963,22.756250931127955,0
2025-09-14T13:49:17.410398,27.40960303959255,37.04426647342208,11.025927243526262,39.66894823845563,0
2025-09-14T13:50:17.410398,35.19311763143319,27.39304952049892,29.21076474137946,38.16809173020606,0
2025-09-14T13:51:17.410398,13.920171757054003,44.78617159741376,11.804419764315067,35.26024939604363,0
2025-09-14T13:52:17.410398,8.144902694621292,34.23527818836284,20.662026680125614,19.606389289149217,0
2025-09-14T13:53:17.410398,10.07336253242345,49.660245244107514,14.602550532955814,26.00519764313919,0
2025-09-14T13:54:17.410398,9.562386466165332,54.889136675016196,8.921753109830405,15.888410950417038,0
2025-09-14T13:55:17.410398,26.064354508176148,42.95007809685309,11.400091143944364,47.43685186580262,0
2025-09-14T13:56:17.410398,39.374399436734926,45.88245024169716,17.634381436025183,44.09411270075337,2
2025-09-14T13:57:17.410398,14.098569382934366,59.43674918931564,29.027448583892337,34.27820558636277,0
2025-09-14T13:58:17.410398,18.030770724413593,50.23937652991048,10.937710328158005,47.18595387354569,0
2025-09-14T13:59:17.410398,17.26187546717052,41.32640904778873,12.26514467351183,42.82138444098994,0
2025-09-14T14:00:17.410398,7.383627985204125,36.050861361255414,11.135678832082261,12.795782109055555,0
2025-09-14T14:01:17.410398,33.42330038448763,32.41187372559985,5.168993799351738,49.772764443074934,0
2025-09-14T14:02:17.410398,6.059311328996747,35.218761378122494,23.62758017739205,39.12419381537924,2
2025-09-14T14:03:17.410398,9.276736077531712,39.07489339458936,22.276896632048448,39.70523662781118,0
2025-09-14T14:04:17.410398,31.579818949207013,21.85586785951601,26.355805842503568,38.586519300111256,0
2025-09-14T14:05:17.410398,23.912764649110063,41.490647398586624,5.349127945214694,24.10365652214811,0
2025-09-14T14:06:17.410398,20.971748595807597,59.23975363115482,13.298463089268019,46.945023837984415,0
2025-09-14T14:07:17.410398,20.429276441863948,54.64174801600531,6.95115516036648,19.91294610628345,0
2025-09-14T14:08:17.410398,10.557917160488072,58.40471288566049,10.113309175067327,46.57924582382823,0
2025-09-14T14:09:17.410398,31.297884043165872,51.80084739959281,7.990130077906122,41.85203777679321,0
2025-09-14T14:10:17.410398,33.46778879195622,53.256040408995915,7.93179388749796,35.16333842981231,0
2025-09-14T14:11:17.410398,19.29328024253676,55.265567425757695,5.117514604023109,39.49056072829379,0
2025-09-14T14:12:17.410398,20.253640057013286,37.2189238747472,20.574860863285448,22.48391683097833,2
2025-09-14T14:13:17.410398,29.29238622035655,58.83450434038448,20.8126937721476,44.72708803199279,0
2025-09-14T14:14:17.410398,32.79589607884766,53.02503809256302,23.553526514795383,37.410570011449465,0
2025-09-14T14:15:17.410398,13.12103713823527,53.49515553679585,5.326196537409834,31.530682256309476,0
2025-09-14T14:16:17.410398,24.959812186080185,32.50488185959183,26.157374218368762,37.81153094380102,0
2025-09-14T14:17:17.410398,16.850950572560066,59.08240777994414,17.107680321131703,40.82001885178242,0
2025-09-14T14:18:17.410398,17.387082501115252,47.190789318743285,16.472027013953948,10.443639110051288,1
2025-09-14T14:19:17.410398,33.111648403963045,47.221564994124044,28.292521438991496,38.35620845492378,0
2025-09-14T14:20:17.410398,14.72250697896669,41.79487295073041,17.856107697648163,46.67855051616733,0
2025-09-14T14:21:17.410398,32.54167444914303,42.05784698614688,11.429023164167663,44.76164663796776,0
2025-09-14T14:22:17.410398,11.106431108588325,20.26986994098635,9.931620977008617,11.451623869578068,1
2025-09-14T14:23:17.410398,23.96431336196957,44.151619249392425,21.47311559382996,17.581920042765006,0
2025-09-14T14:24:17.410398,34.74948092913675,41.75737380330823,5.627187097691973,27.156351791741468,0
2025-09-14T14:25:17.410398,16.809747771338877,30.882173586123706,9.552851807065906,35.07608851805614,0
2025-09-14T14:26:17.410398,22.93909791341956,34.189789512101456,9.941982000436902,47.64339413554838,0
2025-09-14T14:27:17.410398,23.50955736450704,32.16141242433051,13.949103904550126,24.465531528892605,1
2025-09-14T14:28:17.410398,29.244886979278494,27.502913167832368,27.82371584991287,14.583255751426707,0
2025-09-14T14:29:17.410398,16.552574255020552,58.284109263720765,20.98078065628299,30.203365559872797,0
2025-09-14T14:30:17.410398,31.14783759267779,43.7236082892673,25.780739221813135,18.710486007168058,0
2025-09-14T14:31:17.410398,14.166273599775945,43.7178932101654,21.88239393252824,49.171274204189494,0
2025-09-14T14:32:17.410398,24.249390514132777,44.1210227612575,5.082795596400412,20.804357497878918,0
2025-09-14T14:33:17.410398,23.346985325124237,34.921820724727674,18.504449428267435,22.014941330326046,0
2025-09-14T14:34:17.410398,15.811842088696851,34.23869637004314,10.039715293380738,21.901405334479435,0
2025-09-14T14:35:17.410398,37.46813901503956,51.237481974248865,7.4365470982326665,26.58534304465213,0
2025-09-14T14:36:17.410398,7.39929247871338,36.99545177394492,5.477514878378255,35.52068974581784,0
2025-09-14T14:37:17.410398,21.61581556820429,51.639707733125064,24.639950575546923,45.3225971157599,0
2025-09-14T14:38:17.410398,26.02524105718418,56.8106728303651,21.522530041944357,42.839963787525534,0
2025-09-14T14:39:17.410398,18.44589517354646,55.7365006673305,5.429944869497153,17.624096129544277,0
2025-09-14T14:40:17.410398,32.544163112887446,52.30924593277805,19.642358548248193,41.82133975982577,0
2025-09-14T14:41:17.410398,24.898049685687788,46.33522934278997,18.29928644564643,25.63671679855455,0
2025-09-14T14:42:17.410398,7.5120559953623,20.555360170356497,14.201346588484045,30.25372480885671,2
2025-09-14T14:43:17.410398,39.55018684299149,50.940321828545756,16.116470362458156,42.94605224850969,2
2025-09-14T14:44:17.410398,10.026087889875624,22.15225117657306,19.115773073780705,42.77200148846122,1
2025-09-14T14:45:17.410398,14.789957626849818,21.12774524875954,5.269266101308424,28.545625808584177,0
2025-09-14T14:46:17.410398,28.447355329952074,33.0835008865769,26.713050248610806,15.468824881633513,1
2025-09-14T14:47:17.410398,14.184190073986105,29.176421453784158,26.36842391038474,14.600908406875623,0
2025-09-14T14:48:17.410398,16.23723231765745,57.83498720761938,11.660781404637412,25.502224731542952,2
2025-09-14T14:49:17.410398,36.94506805901037,32.48313246459852,28.3722671158124,12.856466409220864,0
2025-09-14T14:50:17.410398,25.47158869517622,21.796117024127234,28.970310503789438,25.25969732547424,0
2025-09-14T14:51:17.410398,6.095853571656265,24.913310065222273,26.574029454161966,21.45822913593697,0
2025-09-14T14:52:17.410398,38.387107537151486,47.53213344437743,17.598721067189953,40.056141756476634,0
2025-09-14T14:53:17.410398,33.43742655412285,42.498711450478645,15.402411141156906,10.71899982157262,0
2025-09-14T14:54:17.410398,82.34983437610492,72.75712054928852,11.821368732690614,27.018830334969806,3
2025-09-14T14:55:17.410398,49.48892401381758,52.80835592055707,16.80382064265999,19.65049716793475,2
2025-09-14T14:56:17.410398,56.47651707763265,64.13566509189776,16.649701947975885,43.01294370935926,1
2025-09-14T14:57:17.410398,59.26864863858694,75.81353438309085,9.945327976402876,20.537660303356226,0
2025-09-14T14:58:17.410398,42.90107625408094,56.40289326866734,7.4213155302822535,17.185070743062127,3
2025-09-14T14:59:17.410398,43.00322383391096,66.42188789714959,22.487429940106715,22.347483019581155,2
2025-09-14T15:00:17.410398,48.24950592574612,69.67860820578578,21.690179976334825,47.5270374566289,2
2025-09-14T15:01:17.410398,50.225614872154615,73.11668276202602,10.790248505803962,32.32519411645217,2
2025-09-14T15:02:17.410398,81.472397994268,55.030064107239845,28.431104310106615,42.10963180203261,2
2025-09-14T15:03:17.410398,55.302318305106084,72.63972859547961,6.457532805204318,47.927074876506374,2
2025-09-14T15:04:17.410398,74.63071742973273,80.04331888873666,11.476276817394485,37.5217476483423,2
2025-09-14T15:05:17.410398,40.67542341748262,56.14124202003576,27.462342426975106,40.98686683762713,1
2025-09-14T15:06:17.410398,43.29938870275021,48.91009630657901,19.12247673972925,36.504696176890754,2
2025-09-14T15:07:17.410398,64.44099521249649,75.92252383627681,29.710232403348826,38.526806597139775,1
2025-09-14T15:08:17.410398,59.80240281967882,71.52370810438464,17.119590759507922,38.325886647387506,2
2025-09-14T15:09:17.410398,70.03975506772386,71.14801743304638,24.587070214907076,18.820463390034817,1
2025-09-14T15:10:17.410398,50.077490226568734,64.34341941941992,7.989110855617838,20.134985107362574,2
2025-09-14T15:11:17.410398,75.3282456015009,74.80460100251808,10.24278697494005,34.89634552863831,2
2025-09-14T15:12:17.410398,53.3335550475169,63.997463017402104,18.365504575822847,30.578447369478155,1
2025-09-14T15:13:17.410398,41.9339848677968,71.20625323837127,24.620590328595043,23.571246644375705,2
2025-09-14T15:14:17.410398,57.6419722904472,77.87145072454479,27.311121983844146,11.774620639258382,2
2025-09-14T15:15:17.410398,55.843750485619594,72.30161265314267,27.01654063899843,43.913779925494154,3
2025-09-14T15:16:17.410398,64.79115069409093,56.20832120112456,28.78900931867638,12.86619871314047,3
2025-09-14T15:17:17.410398,61.615028355903334,69.46856111059623,7.9779879577945945,24.70443637898108,1
2025-09-14T15:18:17.410398,44.41673762690797,49.778216865429414,13.770834992865522,42.155351268567436,1
2025-09-14T15:19:17.410398,55.61777233150797,75.42019390167195,27.332148392971956,39.91304328044657,0
2025-09-14T15:20:17.410398,56.68130182052557,81.06501236931078,13.90517765621079,16.91940695641327,1
2025-09-14T15:21:17.410398,74.91176693540235,78.08639446929838,15.060702362940182,44.127195733201006,1
2025-09-14T15:22:17.410398,70.74613323834642,51.83662197357155,5.4495365050781155,42.46227037843118,1
2025-09-14T15:23:17.410398,52.70053640089054,70.98044559021747,10.307905772041515,13.437996494335419,3
2025-09-14T15:24:17.410398,18.065532295834963,39.234122130686856,21.344584401672275,35.02731462734829,0
2025-09-14T15:25:17.410398,8.310741669519837,56.27028978243367,18.12324350776195,34.84744045227717,1
2025-09-14T15:26:17.410398,15.974441697171136,54.80396621801059,21.612946329709903,14.399040533245348,0
2025-09-14T15:27:17.410398,22.091355306587023,32.1295180574134,14.519793476644962,17.317287788681803,2
2025-09-14T15:28:17.410398,25.319134459523866,38.22998981126706,22.50462706562967,13.198766398584837,0
2025-09-14T15:29:17.410398,11.075879680981817,46.52231815411362,28.409384659912938,44.134958556889416,0
2025-09-14T15:30:17.410398,22.38237103752134,51.53915998705919,25.503583994756575,40.72980580528582,0
2025-09-14T15:31:17.410398,19.803356562986195,52.047769323131554,22.91555014666422,37.44651156696862,0
2025-09-14T15:32:17.410398,28.120053178165538,46.66434719188511,28.594243895843782,41.883292384955844,2
2025-09-14T15:33:17.410398,8.68308109703629,32.8189301342772,10.349755954022706,47.39574558785717,0
2025-09-14T15:34:17.410398,29.6544138973303,41.46445708855532,14.407924060825074,14.777446349481478,0
2025-09-14T15:35:17.410398,29.35950059937198,24.059094012243936,27.73209955741316,18.597216075291346,0
2025-09-14T15:36:17.410398,26.92532758249425,37.50710577517489,27.847511873150907,14.700181083653977,1
2025-09-14T15:37:17.410398,6.850461956765823,52.53872699178437,27.504852559021145,41.78515664810338,0
2025-09-14T15:38:17.410398,24.39374274577226,57.997927848760305,8.63150166430497,13.002868985981824,0
2025-09-14T15:39:17.410398,23.941409996601635,37.86396129990574,23.932231209504483,48.8589641495393,0
2025-09-14T15:40:17.410398,28.627217632900084,53.86477708726602,21.899103160386918,35.032649759284,0
2025-09-14T15:41:17.410398,29.968316583163467,29.62267575875383,13.121229974704713,36.29715984687146,1
2025-09-14T15:42:17.410398,5.214680763496627,53.256537869574984,11.091982472063211,44.101479811119646,0
2025-09-14T15:43:17.410398,25.780989592794214,25.47373021227566,6.842066358636121,30.818528667889673,1
2025-09-14T15:44:17.410398,31.663005688279036,36.63362789910278,19.474730042503268,31.059100841907856,0
2025-09-14T15:45:17.410398,15.168773240983002,20.576953738696652,28.02192231964797,15.902346870652835,0
2025-09-14T15:46:17.410398,28.993608328456823,46.554220090917696,22.75656096930827,28.826410972800474,0
2025-09-14T15:47:17.410398,14.32817558415695,51.37440166376556,24.8681787105125,38.95085446695323,0
2025-09-14T15:48:17.410398,17.601700385967774,38.558329516172805,17.08312915942013,37.82228487385718,0
2025-09-14T15:49:17.410398,31.20626921655692,51.68745118215368,29.109019720878734,43.28661389941169,0
2025-09-14T15:50:17.410398,25.55987753127779,50.145837385713236,21.471953567677495,41.88506632674401,0
2025-09-14T15:51:17.410398,16.526115980391545,25.471181968374772,16.894848402637287,30.036740979243564,0
2025-09-14T15:52:17.410398,39.23595909371229,45.761039372084895,22.809938808897762,21.49951210314038,0
2025-09-14T15:53:17.410398,6.127991859963492,35.746884393130564,21.062624339235605,19.02038655965474,0
2025-09-14T15:54:17.410398,38.89748406489765,29.29065991198932,25.256394216001315,14.440312529303414,0
2025-09-14T15:55:17.410398,25.911884574128337,25.01482705924733,24.054799281778347,33.86853980037036,0
2025-09-14T15:56:17.410398,10.886061512520126,40.9333299691104,7.5259197387738075,45.42180776350175,0
2025-09-14T15:57:17.410398,27.624021752449426,30.829973470016093,24.217481967402666,37.74812378922123,0
2025-09-14T15:58:17.410398,27.126389438902322,47.44738799724895,23.842553179248064,34.609384805419005,0
2025-09-14T15:59:17.410398,31.95859250193739,46.257500384485255,11.342376044167963,36.87120966008135,0
2025-09-14T16:00:17.410398,16.996954942426225,47.76023905617959,20.188824383468233,49.414162178916825,1
2025-09-14T16:01:17.410398,9.784094424725733,23.252606524868145,19.8836145312184,25.550145602975675,2
2025-09-14T16:02:17.410398,34.08750196593451,27.428689866181692,17.87157957547979,49.228021384960044,0
2025-09-14T16:03:17.410398,37.31770570475361,24.466559119828865,6.217780982814343,48.018891705617584,0
2025-09-14T16:04:17.410398,25.04615152872797,39.360772432224536,20.221664769083986,33.698577596296445,0
2025-09-14T16:05:17.410398,28.366306954636585,20.675446428586927,15.323222450007863,25.230534917244167,0
2025-09-14T16:06:17.410398,23.323148759090593,27.693730999842764,16.658743104636496,34.26538952600349,0
2025-09-14T16:07:17.410398,33.370700357392415,34.24229060493876,21.69495915040952,31.168242138690303,0
2025-09-14T16:08:17.410398,5.859214786445611,46.12849478141001,13.215462123106427,28.454001419600026,0
2025-09-14T16:09:17.410398,15.873971502654658,40.74651238671456,24.732643167114368,49.54879161570322,0
2025-09-14T16:10:17.410398,23.647969944725105,33.03157793297978,19.162529196577665,41.80069933258821,0
2025-09-14T16:11:17.410398,25.369670237096656,41.81355110281766,11.00950509815858,31.675157895893328,0
2025-09-14T16:12:17.410398,37.39573122413468,22.147253972272818,17.96167153166286,26.35315684390428,0
2025-09-14T16:13:17.410398,17.310398507286084,46.86939045433042,23.14783405981157,10.02051312397878,0
2025-09-14T16:14:17.410398,19.76801045287142,46.719797211314,19.921281895957108,12.266052645232485,0
2025-09-14T16:15:17.410398,24.329135661808923,38.383392011144615,23.319778888587894,31.07954037574013,0
2025-09-14T16:16:17.410398,31.402919450619496,59.833513550179475,6.7403616540141,21.626793505530504,0
2025-09-14T16:17:17.410398,16.464582988221906,37.951390117116915,13.326983315620224,27.866790108978105,0
2025-09-14T16:18:17.410398,12.734483277973002,37.157404513747046,24.131394070170142,30.70466367570877,0
2025-09-14T16:19:17.410398,9.413640537510787,38.14063437952795,6.860054761561994,30.2817640540948,0
2025-09-14T16:20:17.410398,37.26521223489996,38.58244431246874,17.80776876006042,24.89701695442855,0
2025-09-14T16:21:17.410398,30.77643317197856,22.623804997037695,11.533560744059134,25.448889194171855,0
2025-09-14T16:22:17.410398,32.52462422328952,58.233075525214474,23.89387690297694,16.20202472844868,0
2025-09-14T16:23:17.410398,26.660812806715924,20.788272651963,21.475141100012937,26.450613048472196,0
2025-09-14T16:24:17.410398,7.12718685236146,42.52470415943848,10.964472985384301,32.44432168978102,0
2025-09-14T16:25:17.410398,27.65975927336216,55.26350660111694,22.331165470109163,39.18929462372179,0
2025-09-14T16:26:17.410398,25.042049631664266,28.76590209821086,17.715167126221168,38.804904696818,0
2025-09-14T16:27:17.410398,27.297597952583892,32.831737638944155,20.496152578615927,36.44714814135412,0
2025-09-14T16:28:17.410398,17.284602032937006,55.720633293652185,5.4227165307762295,17.81530196736279,0
2025-09-14T16:29:17.410398,10.469993882231925,59.70935172142,12.080801245723993,42.23496070145532,2
2025-09-14T16:30:17.410398,37.525692575583456,50.438565015022974,15.1761256301549,30.53571659080459,0
2025-09-14T16:31:17.410398,38.31584773670172,27.199583098233433,14.805235745390037,45.30236829787396,0
2025-09-14T16:32:17.410398,25.18428036152316,42.986612960376185,20.696194882501167,21.357508936079267,0
2025-09-14T16:33:17.410398,11.056866871129376,52.94716293124722,9.812935507561372,15.41116600198771,0
2025-09-14T16:34:17.410398,13.532582314447716,49.14536776273347,16.579131711119576,28.16352324714615,1
2025-09-14T16:35:17.410398,11.352763015441045,59.16225803247288,18.83087572523239,47.57190679898923,0
2025-09-14T16:36:17.410398,18.632056043977283,56.151746928023236,24.388774141643268,10.905124767780968,0
2025-09-14T16:37:17.410398,22.053785549270952,32.78980377110062,5.880602647515535,48.509240659292054,0
2025-09-14T16:38:17.410398,10.586554057872549,57.167184215884625,9.091056016428762,26.027291583117087,0
2025-09-14T16:39:17.410398,34.87295788039821,46.14908684425629,5.341894360215572,21.344838790487035,2
2025-09-14T16:40:17.410398,30.32564961197426,50.2806855926969,15.53018982093185,39.38436490430253,0
2025-09-14T16:41:17.410398,5.3025369328670795,21.38273598426619,7.15170297386911,16.694242000941056,0
2025-09-14T16:42:17.410398,38.29415437655933,37.556640075926346,26.264483616311097,44.3781620273499,0
2025-09-14T16:43:17.410398,6.686780221021431,51.18827311805116,12.859161581611795,11.397967035198558,0
2025-09-14T16:44:17.410398,26.151580897416377,58.12971474771033,28.363792888979738,46.12075130774798,0
2025-09-14T16:45:17.410398,10.309295839479228,32.719007934895856,17.813694468970496,49.7810429988882,0
2025-09-14T16:46:17.410398,16.031851569749357,30.71584282544547,9.176992906603344,44.29964824997148,0
2025-09-14T16:47:17.410398,9.050129405854399,45.118260577028735,26.7989158229413,30.669440431357685,0
2025-09-14T16:48:17.410398,39.5662992758882,55.08522910239509,29.253956096726643,23.301226462409694,0
2025-09-14T16:49:17.410398,21.360770303024335,20.74193538031363,29.560823323630625,42.288473667579936,0
2025-09-14T16:50:17.410398,13.91093729789325,20.805820732445255,13.535889842542407,34.21423036177216,0
2025-09-14T16:51:17.410398,33.826627143255635,28.766999895595365,11.828062401876306,35.970113194605545,0
2025-09-14T16:52:17.410398,16.01733067310127,36.19889769506376,16.151659161211708,48.33778161127614,0
2025-09-14T16:53:17.410398,31.8985415720026,58.45504906262295,10.246157116382935,11.246119764147014,0
2025-09-14T16:54:17.410398,47.43162569634233,52.36339796389819,17.00446025748961,20.698379009522615,3
2025-09-14T16:55:17.410398,76.76373339688807,43.57370522615131,24.050472194133068,28.447973275107046,3
2025-09-14T16:56:17.410398,57.614578015040316,82.02924538281431,26.70359370218345,26.72486440056225,2
2025-09-14T16:57:17.410398,42.44965786099897,74.36681706682614,26.24716644192974,30.002257310466437,2
2025-09-14T16:58:17.410398,59.93726892743486,71.29869690191703,20.2412771207798,45.70840555248823,2
2025-09-14T16:59:17.410398,67.83168152999532,55.716939276105904,20.01326970655665,24.132412164458714,2
2025-09-14T17:00:17.410398,56.96587963947765,75.92136612956227,12.84780839447094,31.124769156560177,2
2025-09-14T17:01:17.410398,49.1361385031103,57.891685944436695,14.287216833985438,13.516424797698052,1
2025-09-14T17:02:17.410398,68.94144518778867,80.84964255580093,6.564881613251207,24.734270908662992,1
2025-09-14T17:03:17.410398,63.00460998334977,65.65699997357348,8.484338441210792,46.42320600052408,3
2025-09-14T17:04:17.410398,39.13760621101848,46.39903997281556,10.265014295650325,25.353368754294102,2
2025-09-14T17:05:17.410398,45.617490271325785,70.83825222613952,28.947745469454404,13.220210625634321,1
2025-09-14T17:06:17.410398,48.26919205533645,67.89356300382974,6.29243574092151,20.40266495346982,1
2025-09-14T17:07:17.410398,83.00854164462635,52.11748459468902,17.689500308804547,49.23545611542356,0
2025-09-14T17:08:17.410398,80.55149935294828,53.174692564044896,23.24619625144778,48.795087309725915,2
2025-09-14T17:09:17.410398,55.667604916973445,48.570119214441895,9.382096467087134,29.52774110380961,1
2025-09-14T17:10:17.410398,41.19515477903431,73.55045824506385,25.164773502977358,16.317469699928388,2
2025-09-14T17:11:17.410398,65.39118953893664,58.90691024019366,23.65798744680737,21.804431816299644,2
2025-09-14T17:12:17.410398,59.83530269287474,85.78198088746774,7.555291917392685,49.90346755769209,2
2025-09-14T17:13:17.410398,69.37714168327354,65.42505364640311,29.783922197101138,39.55985879179049,2
2025-09-14T17:14:17.410398,50.745906747102225,67.07943505622518,17.774888316454344,25.61262053368047,1
2025-09-14T17:15:17.410398,71.85044270883225,44.44047110531278,8.656730972773143,42.45138583880532,0
2025-09-14T17:16:17.410398,68.23413277691262,60.62092149740509,18.222498810976226,12.690965337451479,2
2025-09-14T17:17:17.410398,74.49783560707374,64.14448473080259,13.179307503415833,25.09282703675655,1
2025-09-14T17:18:17.410398,55.40361026336395,67.75486975846748,24.172230317841063,34.40369312378415,1
2025-09-14T17:19:17.410398,48.63854584390785,65.79879465665435,20.920398219340196,14.760576979733449,1
2025-09-14T17:20:17.410398,61.925022481222335,48.567860227778056,12.844926421486923,34.54765236537015,2
2025-09-14T17:21:17.410398,72.24513255714679,41.568520021710285,24.338009297363147,23.62612425122583,2
2025-09-14T17:22:17.410398,79.23094238826124,58.789867495870695,5.4758841357750505,26.869058176808323,1
2025-09-14T17:23:17.410398,78.84278299345209,52.93492037924443,9.872572347048095,10.98623807793472,1
2025-09-14T17:24:17.410398,21.11279467499171,52.34927422994024,28.654049163710447,40.75425415940834,0
2025-09-14T17:25:17.410398,37.643651662943796,56.182295469112866,23.66377902829027,25.485377630288653,0
2025-09-14T17:26:17.410398,14.597811223842516,54.44145779554286,27.109716126686607,37.20753347414626,0
2025-09-14T17:27:17.410398,35.321871234728874,41.45853055825813,8.293030726475079,14.896257971230886,0
2025-09-14T17:28:17.410398,21.186762544723365,45.19337984499353,15.804301573346745,41.55107319570669,1
2025-09-14T17:29:17.410398,36.46946397784386,51.13999016335854,9.07379976765074,30.52715893588372,0
2025-09-14T17:30:17.410398,31.84900300197086,48.97605842187339,5.697930149159317,24.983553534473955,0
2025-09-14T17:31:17.410398,33.3279590822106,21.335262350809625,7.289220229509908,14.557832043108444,2
2025-09-14T17:32:17.410398,36.691688465318094,41.54585310076246,6.87476089335892,27.5144213046217,1
2025-09-14T17:33:17.410398,24.232181523951652,43.62807774264159,5.001893040632334,46.93878850328149,0
2025-09-14T17:34:17.410398,10.653639634150366,38.96932255534431,7.83073869313461,19.25748891660217,0
2025-09-14T17:35:17.410398,5.139454047864024,47.16732722192541,13.60070930763811,23.328114675005175,0
2025-09-14T17:36:17.410398,7.8913398629740135,23.134473905880064,22.11643371517077,17.807021893537076,0
2025-09-14T17:37:17.410398,38.38905938395336,52.561065852823845,17.62153131261779,24.036524749124197,0
2025-09-14T17:38:17.410398,36.72015398758647,57.62005788264609,12.842784252951109,21.020201214766495,0
2025-09-14T17:39:17.410398,28.071749344165443,39.72832967401671,12.594015446302087,30.59694267485899,0
2025-09-14T17:40:17.410398,18.772726381506196,49.53428970109333,11.182808736066903,17.177075506754473,0
2025-09-14T17:41:17.410398,14.525519516625337,30.447804554337946,23.77986123697559,42.668603654856376,2
2025-09-14T17:42:17.410398,21.591025016296356,37.69236940607526,20.243358259513542,44.75589183990771,0
2025-09-14T17:43:17.410398,8.539749954648538,38.85623440573237,8.798692416480343,11.481171281019522,0
2025-09-14T17:44:17.410398,11.515006478799965,58.790850230507715,26.22361178648681,15.151174717398973,0
2025-09-14T17:45:17.410398,26.123525701824203,55.89830941587612,19.90593631094385,33.69992269567359,0
2025-09-14T17:46:17.410398,39.22357821457325,45.32571692385865,10.153080831789211,41.69855131444683,0
2025-09-14T17:47:17.410398,17.618644273272793,56.73482129166549,7.3020622885719355,31.043938697483,1
2025-09-14T17:48:17.410398,7.8632655750676115,27.977000465989775,17.555900468734507,20.791000145424597,1
2025-09-14T17:49:17.410398,23.536773007319347,41.79612699469064,23.25515434456818,25.555504387440962,0
2025-09-14T17:50:17.410398,14.411757716636178,20.018170243215565,7.434550185134893,34.30059361503504,0
2025-09-14T17:51:17.410398,18.12923989061855,58.138078204888615,15.391661774295985,28.283285046712145,1
2025-09-14T17:52:17.410398,8.818520668010727,22.64316375381859,15.772330948092257,36.63406257626937,0
2025-09-14T17:53:17.410398,9.586757994903515,55.98612159389309,16.82465251242087,29.55128179835682,0
2025-09-14T17:54:17.410398,8.612274050416952,56.9705378525487,22.38122449472777,11.69013625517314,0
2025-09-14T17:55:17.410398,27.96929975515576,37.84828266853331,13.468329821620395,26.92470225812672,0
2025-09-14T17:56:17.410398,15.636275462850554,47.72600068145342,10.013245158218613,37.83699922606536,0
2025-09-14T17:57:17.410398,6.015434553115304,45.09385852478022,19.02993909584017,38.33937795286222,0
2025-09-14T17:58:17.410398,30.810777670372307,58.72468743902065,15.178883352708217,48.512309203311,0
2025-09-14T17:59:17.410398,31.783032535560274,48.166385154494606,8.54409747229317,39.289568341693965,0
2025-09-14T18:00:17.410398,14.206771956519981,43.70156644682477,22.699551214977458,27.554239892512122,0
2025-09-14T18:01:17.410398,32.21910451227411,56.02730701228793,25.73447611780207,49.34496398091036,0
2025-09-14T18:02:17.410398,31.314952824887722,36.51033863912363,24.664852505067728,37.92382337563872,0
2025-09-14T18:03:17.410398,23.614370741617027,50.90739723957266,25.217792464689378,19.022588645669437,0
2025-09-14T18:04:17.410398,18.220532664120988,33.80142440078456,25.0295624666422,45.779315570087924,2
2025-09-14T18:05:17.410398,21.587262798212063,51.35545914324524,8.446228434020988,47.035644534991384,0
2025-09-14T18:06:17.410398,35.80258203222337,58.709503024378805,15.040516043877505,31.96633172342283,0
2025-09-14T18:07:17.410398,14.678206311948484,53.43708102386318,17.801657110205635,34.399365329182615,1
2025-09-14T18:08:17.410398,15.57880220954905,36.02961173920249,29.99848630128595,10.650549424199735,0
2025-09-14T18:09:17.410398,24.57064870575828,41.171284900585235,22.611512093286784,42.325719197689374,0
2025-09-14T18:10:17.410398,38.2779044593314,45.5404413674547,6.841671041813509,15.152222315764728,0
2025-09-14T18:11:17.410398,16.010676310641326,20.804313988008197,9.108281485148712,22.63948216180525,0
2025-09-14T18:12:17.410398,21.518176783606496,30.11361398401981,25.422113974282198,43.695256622466005,0
2025-09-14T18:13:17.410398,24.0508950751553,22.29819726772957,16.713999192455862,40.72479848868453,0
2025-09-14T18:14:17.410398,30.62369863818688,44.219218688280044,21.91557375994483,31.654414055992028,0
2025-09-14T18:15:17.410398,31.727706882094274,42.43659389986378,18.646783959573234,32.13031794042104,1
2025-09-14T18:16:17.410398,12.726703560173428,27.184449745942338,9.891772142115542,19.210081327561163,0
2025-09-14T18:17:17.410398,17.402578338965235,36.871581241580465,12.478227198825564,35.36128154201504,0
2025-09-14T18:18:17.410398,31.918850007762906,40.46761780441847,29.738733258980076,19.337332824025406,2
2025-09-14T18:19:17.410398,39.63761368087205,35.68359765464169,12.787175193388094,39.95235750955612,0
2025-09-14T18:20:17.410398,24.789610315127465,26.413498169141473,18.26126400019097,11.351885070605174,0
2025-09-14T18:21:17.410398,24.419952104475833,33.18965641215306,11.320656024529061,20.75515946307055,0
2025-09-14T18:22:17.410398,26.744201484986682,39.87441649128279,25.29161177793607,24.716463721415142,0
2025-09-14T18:23:17.410398,38.463231873368564,51.6278679337218,18.955254018969285,48.369871282416476,0
2025-09-14T18:24:17.410398,26.15300824040715,47.22960640119428,22.841426940577364,47.75508782177078,1
2025-09-14T18:25:17.410398,12.97955727400607,32.37066186822665,14.395762530453688,43.56662423935384,0
2025-09-14T18:26:17.410398,36.42572175744005,36.49728694635313,22.843875950854446,26.302926164686742,1
2025-09-14T18:27:17.410398,33.19035625488984,33.5280732902381,7.510253724628974,41.88038705529658,0
2025-09-14T18:28:17.410398,19.020003085073625,40.990435193182364,9.49618396604212,15.729782254926672,0
2025-09-14T18:29:17.410398,28.046995692856534,48.03054406780828,11.09085772689904,20.01847220634961,0
2025-09-14T18:30:17.410398,30.655781989575857,28.265184652540288,6.926974431909523,34.690590082879574,0
2025-09-14T18:31:17.410398,13.90377731723356,48.18790082583734,9.591820534245343,32.56677850127943,0
2025-09-14T18:32:17.410398,29.492493322472416,31.58645447907778,18.662266527788574,16.537348083648865,1
2025-09-14T18:33:17.410398,20.85317502828574,36.198016000379354,28.708704856713585,30.199020503483908,0
2025-09-14T18:34:17.410398,10.802723522700513,58.019605298998115,7.978620874392088,47.88371481255687,2
2025-09-14T18:35:17.410398,8.222043288560457,40.707306468226214,17.199431652754058,32.75883663552294,1
2025-09-14T18:36:17.410398,20.192001382821168,50.593966941381275,28.508086440610523,41.82159041966127,0
2025-09-14T18:37:17.410398,21.963069691864234,41.8154473999285,13.443343364491588,29.972317198609396,0
2025-09-14T18:38:17.410398,5.875061793984119,47.02104573626866,20.600674129289075,11.5569014831345,0
2025-09-14T18:39:17.410398,8.203320580469182,48.581459731589725,13.269519540692308,19.38562142022938,1
2025-09-14T18:40:17.410398,22.602262746261594,31.657751958406287,29.27369798064637,33.63472507949923,0
2025-09-14T18:41:17.410398,30.484769575917,41.79504832941435,14.709585565409377,17.457144006303853,0
2025-09-14T18:42:17.410398,19.851566381152075,27.003911990344264,16.16962334073788,15.722402735206629,1
2025-09-14T18:43:17.410398,18.185175630057067,28.77330306344755,19.878820395339243,22.763655911328815,0
